{"_step":173,"epoch":86,"test_accuracy":67.84,"train_loss":1.9013836702422413,"_timestamp":1.7361567541571827e+09,"_wandb":{"runtime":39845},"train_accuracy":29.828,"time_per_epoch":274.5190896987915,"_runtime":39834.8301928}