{"val_accuracy":48.38,"_step":1,"epoch":2,"_wandb":{"runtime":245},"_runtime":218.43756,"val_loss":2.664029800891876,"train_accuracy":21.54,"time_per_epoch":55.68967580795288,"train_loss":3.928264201049805,"_timestamp":1.736244592017468e+09}