{"_step":255,"test_accuracy":61.61,"_wandb":{"runtime":26632},"_timestamp":1.7361354403595936e+09,"train_loss":0.7425473228077163,"epoch":127,"train_accuracy":46.291,"time_per_epoch":117.83990263938904,"_runtime":15721.1124427}