{"_runtime":3384.8317316,"loss1":2.649733411229175,"epoch_time_seconds":26.333585023880005,"_timestamp":1.7360922176077216e+09,"_wandb":{"runtime":3408},"loss2":2.6466438646816535,"_step":128,"epoch":128,"test_accuracy":32.44}