{"train_loss":-2.807929939931006,"_step":59,"_wandb":{"runtime":4669},"best_test_accuracy":49.15,"_timestamp":1.7360980103269835e+09,"train_accuracy":78.618,"epoch":47,"_runtime":4653.2801877,"time_per_epoch":109.5123028755188}