{"_wandb":{"runtime":55},"train_accuracy":10.768,"epoch":0,"time_per_epoch":54.68187427520752,"_timestamp":1.7360932748303416e+09,"_runtime":55.4727613,"_step":0,"train_loss":4.111807336282852}