{"val_accuracy":47.64,"_wandb":{"runtime":205},"_timestamp":1.736246023907134e+09,"_step":1,"time_per_epoch":42.37114691734314,"epoch":2,"train_loss":3.967792841796875,"val_loss":2.7095725893974305,"_runtime":189.4378049,"train_accuracy":20.988}