{"test_accuracy":64.6,"train_accuracy":39.864,"_wandb":{"runtime":2345},"_runtime":2330.563466,"time_per_epoch":420.115473985672,"_step":20,"_timestamp":1.7361178312765172e+09,"train_loss":1.276282950626005,"epoch":10}